lambda,total_trips,total_passenger_min_wait,total_fleet_cost,objective,baseline_objective,improvement_pct,elapsed_s
100,734.0,1079771.4717025328,73400.0,1153171.4717025328,1725292.7202019957,33.160822033288326,0.00025081634521484375
150,734.0,1079771.4717025328,110100.0,1189871.4717025328,1748392.7202019957,31.944839511510644,9.655952453613281e-05
200,734.0,1079771.4717025328,146800.0,1226571.4717025328,1771492.7202019957,30.760569450001906,8.702278137207031e-05
