metric,holdout_baseline,holdout_nn,cv_mean_baseline,cv_mean_nn
MAE,1912.287505172036,1122.1063303494097,1583.378297872201,999.1649187064795
R²,0.8501290680644153,0.9447690608261243,0.9069153896909613,0.9607111806596068
