metric,holdout_baseline,holdout_nn,cv_mean_baseline,cv_mean_nn
MAE,1912.287505172036,1340.2688539426485,1583.378297872201,1217.098026888522
R²,0.8501290680644153,0.9276882825892125,0.9069153896909613,0.9462124758286885
