scenario,method,n_slots,total_passenger_min_wait,total_fleet_cost,weighted_avg_wait_min,headway_std,total_trips,objective,wait_saved_vs_baseline,fleet_cost_delta_vs_baseline,objective_improvement_pct,wait_improvement_pct
weekday_peak,Baseline,48,1679092.7202019957,69300.0,2.6460383940464847,5.902140475526006,462.0,1748392.7202019957,0.0,0.0,0.0,0.0
weekday_peak,Analytical,48,1079771.4717025328,110100.0,1.701583680606552,1.733168304110658,734.0,1189871.4717025328,599321.2484994628,40800.0,31.944839511510644,35.69315984095054
weekend,Baseline,48,1299190.6284954234,69300.0,2.9491985826786338,5.902140475526006,462.0,1368490.6284954234,0.0,0.0,0.0,0.0
weekend,Analytical,48,806176.617555006,110100.0,1.8300431712898968,1.733168304110658,734.0,916276.617555006,493014.0109404173,40800.0,33.04472836891843,37.94778072801917
rainy_day,Baseline,48,1420748.6366278932,69300.0,2.648997695373016,5.902140475526006,462.0,1490048.6366278932,0.0,0.0,0.0,0.0
rainy_day,Analytical,48,913757.7435276823,110100.0,1.703708942124461,1.733168304110658,734.0,1023857.7435276823,506990.89310021093,40800.0,31.286958132805694,35.684770692691956
