{
  "n_slots": 1392,
  "n_routes": 29,
  "n_hours": 24,
  "routes": [
    "1",
    "2",
    "3",
    "4",
    "5",
    "6",
    "6X",
    "7",
    "7X",
    "A",
    "B",
    "C",
    "D",
    "E",
    "F",
    "FS",
    "FX",
    "G",
    "GS",
    "H",
    "J",
    "L",
    "M",
    "N",
    "Q",
    "R",
    "SI",
    "W",
    "Z"
  ],
  "opt_method": "Analytical",
  "n_headway_fallback": 210,
  "scenarios": [
    "weekday_peak",
    "weekend",
    "rainy_day"
  ],
  "lambda_cost_default": 150.0,
  "opt_target": "balanced",
  "balanced_weights": {
    "wait": 0.6,
    "cost": 0.4
  },
  "lambda_candidates": [
    60.0,
    80.0,
    100.0,
    120.0,
    150.0,
    180.0,
    220.0,
    260.0
  ],
  "baseline": {
    "weekday_peak": {
      "total_passenger_min_wait": 41276048.67372783,
      "weighted_avg_wait_min": 4.389408829076884,
      "total_fleet_cost": 1457700.0,
      "total_trips": 9718.0,
      "headway_std": 7.472098021532313,
      "objective": 42733748.67372783,
      "lambda_cost": 150.0
    },
    "weekend": {
      "total_passenger_min_wait": 28986623.948563375,
      "weighted_avg_wait_min": 4.6981407567374,
      "total_fleet_cost": 1457700.0,
      "total_trips": 9718.0,
      "headway_std": 7.472098021532313,
      "objective": 30444323.948563375,
      "lambda_cost": 150.0
    },
    "rainy_day": {
      "total_passenger_min_wait": 34275683.56998631,
      "weighted_avg_wait_min": 4.378613755484273,
      "total_fleet_cost": 1457700.0,
      "total_trips": 9718.0,
      "headway_std": 7.472098021532313,
      "objective": 35733383.56998631,
      "lambda_cost": 150.0
    }
  },
  "optimized": {
    "weekday_peak": {
      "total_passenger_min_wait": 21794011.17398574,
      "weighted_avg_wait_min": 2.3176352422750814,
      "total_fleet_cost": 2420250.0,
      "total_trips": 16135.0,
      "headway_std": 4.541551252239703,
      "objective": 24214261.17398574,
      "lambda_cost": 150.0
    },
    "weekend": {
      "total_passenger_min_wait": 14886465.47460681,
      "weighted_avg_wait_min": 2.4127925450759746,
      "total_fleet_cost": 2411700.0,
      "total_trips": 16078.0,
      "headway_std": 4.715397168750615,
      "objective": 17298165.474606812,
      "lambda_cost": 150.0
    },
    "rainy_day": {
      "total_passenger_min_wait": 18143141.74642643,
      "weighted_avg_wait_min": 2.3177308734454347,
      "total_fleet_cost": 2395050.0,
      "total_trips": 15967.0,
      "headway_std": 4.837349698255368,
      "objective": 20538191.74642643,
      "lambda_cost": 150.0
    }
  },
  "nn_eval": {
    "holdout": {
      "n_test": 65813,
      "n_test_dates": 111,
      "mae_nn": 643.3144211107624,
      "mae_baseline": 932.374549680177,
      "r2_nn": 0.9460950702925942,
      "r2_baseline": 0.8859102886688187,
      "mape_nn_pct": 15.183381508124057,
      "mae_improvement_pct": 31.002576021467764
    },
    "cv": {
      "n_folds": 5,
      "mae_nn_mean": 586.7476264502699,
      "mae_nn_std": 47.00567683001974,
      "mae_baseline_mean": 759.595570581852,
      "mae_baseline_std": 41.505732102400884,
      "r2_nn_mean": 0.9618346972965996,
      "r2_baseline_mean": 0.9338497670924303,
      "mae_improvement_pct": 22.755259617849035
    }
  },
  "lambda_sensitivity_weekday_peak": [
    {
      "lambda": 100,
      "total_trips": 16392.0,
      "total_passenger_min_wait": 21761532.226188205,
      "total_fleet_cost": 1639200.0,
      "objective": 23400732.226188205,
      "baseline_objective": 42247848.67372783,
      "improvement_pct": 44.61083117649931,
      "elapsed_s": 0.0005259513854980469
    },
    {
      "lambda": 150,
      "total_trips": 16135.0,
      "total_passenger_min_wait": 21794011.17398574,
      "total_fleet_cost": 2420250.0,
      "objective": 24214261.17398574,
      "baseline_objective": 42733748.67372783,
      "improvement_pct": 43.33691303596691,
      "elapsed_s": 0.00013566017150878906
    },
    {
      "lambda": 200,
      "total_trips": 15871.0,
      "total_passenger_min_wait": 21840416.950224068,
      "total_fleet_cost": 3174200.0,
      "objective": 25014616.950224068,
      "baseline_objective": 43219648.67372783,
      "improvement_pct": 42.122118717198546,
      "elapsed_s": 0.00011754035949707031
    }
  ]
}