metric,holdout_baseline,holdout_nn,cv_mean_baseline,cv_mean_nn
MAE,932.374549680177,643.3144211107624,759.595570581852,586.7476264502699
R²,0.8859102886688187,0.9460950702925942,0.9338497670924303,0.9618346972965996
