scenario,passenger_min_wait_saved,fleet_cost_increase,objective_improvement_pct,total_trips
weekday_peak,19482037.499742094,962550.0,43.33691303596691,16135.0
weekend,14100158.473956564,954000.0,43.18098341144774,16078.0
rainy_day,16132541.823559884,937350.0,42.52379793197878,15967.0
